-- IronHabit Lab - PostgreSQL training database
-- Run from an existing PostgreSQL database:
--   psql -d your_database -f output/sql/ironhabit_lab_postgres.sql

DROP SCHEMA IF EXISTS ironhabit_lab CASCADE;
CREATE SCHEMA ironhabit_lab;
SET search_path TO ironhabit_lab;

CREATE TABLE gyms (
    gym_id INTEGER GENERATED BY DEFAULT AS IDENTITY PRIMARY KEY,
    name TEXT NOT NULL UNIQUE,
    city TEXT NOT NULL,
    opened_on DATE NOT NULL
);

CREATE TABLE coaches (
    coach_id INTEGER GENERATED BY DEFAULT AS IDENTITY PRIMARY KEY,
    gym_id INTEGER NOT NULL REFERENCES gyms(gym_id),
    first_name TEXT NOT NULL,
    last_name TEXT NOT NULL,
    specialty TEXT NOT NULL,
    hired_on DATE NOT NULL,
    hourly_rate NUMERIC(8, 2) NOT NULL CHECK (hourly_rate > 0)
);

CREATE TABLE members (
    member_id INTEGER GENERATED BY DEFAULT AS IDENTITY PRIMARY KEY,
    first_name TEXT NOT NULL,
    last_name TEXT NOT NULL,
    email TEXT NOT NULL UNIQUE,
    birth_date DATE NOT NULL,
    gender CHAR(1) NOT NULL CHECK (gender IN ('F', 'M', 'X')),
    join_date DATE NOT NULL,
    primary_coach_id INTEGER NOT NULL REFERENCES coaches(coach_id),
    home_gym_id INTEGER NOT NULL REFERENCES gyms(gym_id),
    is_active BOOLEAN NOT NULL DEFAULT TRUE
);

CREATE TABLE membership_plans (
    plan_id INTEGER GENERATED BY DEFAULT AS IDENTITY PRIMARY KEY,
    plan_name TEXT NOT NULL UNIQUE,
    monthly_fee NUMERIC(8, 2) NOT NULL CHECK (monthly_fee >= 0),
    duration_months INTEGER NOT NULL CHECK (duration_months >= 0),
    includes_classes BOOLEAN NOT NULL DEFAULT FALSE
);

CREATE TABLE member_memberships (
    membership_id INTEGER GENERATED BY DEFAULT AS IDENTITY PRIMARY KEY,
    member_id INTEGER NOT NULL REFERENCES members(member_id),
    plan_id INTEGER NOT NULL REFERENCES membership_plans(plan_id),
    start_date DATE NOT NULL,
    end_date DATE NOT NULL,
    status TEXT NOT NULL CHECK (status IN ('active', 'expired', 'cancelled')),
    CHECK (end_date >= start_date)
);

CREATE TABLE payments (
    payment_id INTEGER GENERATED BY DEFAULT AS IDENTITY PRIMARY KEY,
    member_id INTEGER NOT NULL REFERENCES members(member_id),
    membership_id INTEGER REFERENCES member_memberships(membership_id),
    paid_on DATE NOT NULL,
    amount NUMERIC(10, 2) NOT NULL CHECK (amount > 0),
    method TEXT NOT NULL CHECK (method IN ('card', 'cash', 'transfer')),
    status TEXT NOT NULL CHECK (status IN ('paid', 'refunded', 'failed'))
);

CREATE TABLE muscle_groups (
    muscle_group_id INTEGER GENERATED BY DEFAULT AS IDENTITY PRIMARY KEY,
    name TEXT NOT NULL UNIQUE
);

CREATE TABLE exercises (
    exercise_id INTEGER GENERATED BY DEFAULT AS IDENTITY PRIMARY KEY,
    muscle_group_id INTEGER NOT NULL REFERENCES muscle_groups(muscle_group_id),
    name TEXT NOT NULL UNIQUE,
    equipment TEXT NOT NULL,
    is_compound BOOLEAN NOT NULL DEFAULT FALSE
);

CREATE TABLE workout_plans (
    workout_plan_id INTEGER GENERATED BY DEFAULT AS IDENTITY PRIMARY KEY,
    name TEXT NOT NULL UNIQUE,
    level TEXT NOT NULL CHECK (level IN ('beginner', 'intermediate', 'advanced')),
    created_by_coach_id INTEGER NOT NULL REFERENCES coaches(coach_id)
);

CREATE TABLE plan_exercises (
    plan_exercise_id INTEGER GENERATED BY DEFAULT AS IDENTITY PRIMARY KEY,
    workout_plan_id INTEGER NOT NULL REFERENCES workout_plans(workout_plan_id) ON DELETE CASCADE,
    exercise_id INTEGER NOT NULL REFERENCES exercises(exercise_id),
    day_label TEXT NOT NULL,
    exercise_order INTEGER NOT NULL CHECK (exercise_order > 0),
    target_sets INTEGER NOT NULL CHECK (target_sets > 0),
    target_reps_min INTEGER NOT NULL CHECK (target_reps_min > 0),
    target_reps_max INTEGER NOT NULL CHECK (target_reps_max >= target_reps_min),
    target_rpe NUMERIC(3, 1) NOT NULL CHECK (target_rpe BETWEEN 1 AND 10),
    UNIQUE (workout_plan_id, day_label, exercise_order)
);

CREATE TABLE member_plan_assignments (
    assignment_id INTEGER GENERATED BY DEFAULT AS IDENTITY PRIMARY KEY,
    member_id INTEGER NOT NULL REFERENCES members(member_id),
    workout_plan_id INTEGER NOT NULL REFERENCES workout_plans(workout_plan_id),
    assigned_by_coach_id INTEGER NOT NULL REFERENCES coaches(coach_id),
    start_date DATE NOT NULL,
    end_date DATE,
    target_sessions_per_week INTEGER NOT NULL CHECK (target_sessions_per_week BETWEEN 1 AND 7),
    CHECK (end_date IS NULL OR end_date >= start_date)
);

CREATE TABLE workout_sessions (
    session_id INTEGER GENERATED BY DEFAULT AS IDENTITY PRIMARY KEY,
    member_id INTEGER NOT NULL REFERENCES members(member_id),
    workout_plan_id INTEGER REFERENCES workout_plans(workout_plan_id),
    session_date DATE NOT NULL,
    started_at TIMESTAMP NOT NULL,
    duration_min INTEGER NOT NULL CHECK (duration_min BETWEEN 10 AND 240),
    perceived_rpe NUMERIC(3, 1) NOT NULL CHECK (perceived_rpe BETWEEN 1 AND 10)
);

CREATE TABLE performed_sets (
    set_id INTEGER GENERATED BY DEFAULT AS IDENTITY PRIMARY KEY,
    session_id INTEGER NOT NULL REFERENCES workout_sessions(session_id) ON DELETE CASCADE,
    exercise_id INTEGER NOT NULL REFERENCES exercises(exercise_id),
    set_number INTEGER NOT NULL CHECK (set_number > 0),
    weight_kg NUMERIC(7, 2) NOT NULL CHECK (weight_kg >= 0),
    reps INTEGER NOT NULL CHECK (reps > 0),
    rir INTEGER NOT NULL CHECK (rir BETWEEN 0 AND 5),
    is_pr BOOLEAN NOT NULL DEFAULT FALSE,
    UNIQUE (session_id, exercise_id, set_number)
);

CREATE TABLE goals (
    goal_id INTEGER GENERATED BY DEFAULT AS IDENTITY PRIMARY KEY,
    member_id INTEGER NOT NULL REFERENCES members(member_id),
    goal_type TEXT NOT NULL,
    target_value NUMERIC(10, 2) NOT NULL CHECK (target_value > 0),
    unit TEXT NOT NULL,
    start_date DATE NOT NULL,
    due_date DATE NOT NULL,
    status TEXT NOT NULL CHECK (status IN ('active', 'completed', 'paused', 'cancelled')),
    CHECK (due_date >= start_date)
);

CREATE TABLE goal_checkins (
    checkin_id INTEGER GENERATED BY DEFAULT AS IDENTITY PRIMARY KEY,
    goal_id INTEGER NOT NULL REFERENCES goals(goal_id) ON DELETE CASCADE,
    checked_on DATE NOT NULL,
    current_value NUMERIC(10, 2) NOT NULL CHECK (current_value >= 0),
    notes TEXT
);

CREATE INDEX idx_members_coach_active ON members(primary_coach_id, is_active);
CREATE INDEX idx_memberships_member_status ON member_memberships(member_id, status);
CREATE INDEX idx_payments_paid_on_status ON payments(paid_on, status);
CREATE INDEX idx_sessions_member_date ON workout_sessions(member_id, session_date);
CREATE INDEX idx_sets_session_exercise ON performed_sets(session_id, exercise_id);
CREATE INDEX idx_goal_checkins_goal_date ON goal_checkins(goal_id, checked_on DESC);

-- Data for gyms
INSERT INTO gyms (gym_id, name, city, opened_on) VALUES
    (1, 'IronHabit Centro', 'Roma', '2021-09-01'),
    (2, 'IronHabit Nord', 'Milano', '2022-03-15'),
    (3, 'IronHabit Mare', 'Napoli', '2023-01-10');

-- Data for coaches
INSERT INTO coaches (coach_id, gym_id, first_name, last_name, specialty, hired_on, hourly_rate) VALUES
    (1, 1, 'Luca', 'Bianchi', 'Strength', '2021-10-01', 38.00),
    (2, 1, 'Sara', 'Conti', 'Hypertrophy', '2022-02-14', 42.00),
    (3, 2, 'Marco', 'Russo', 'Powerlifting', '2022-05-10', 45.00),
    (4, 3, 'Elena', 'Ferrari', 'Mobility', '2023-02-01', 35.00);

-- Data for members
INSERT INTO members (member_id, first_name, last_name, email, birth_date, gender, join_date, primary_coach_id, home_gym_id, is_active) VALUES
    (1, 'Giulia', 'Rossi', 'giulia.rossi@example.com', '1998-04-12', 'F', '2025-09-15', 2, 1, TRUE),
    (2, 'Andrea', 'Marino', 'andrea.marino@example.com', '1995-11-07', 'M', '2025-10-01', 1, 1, TRUE),
    (3, 'Fatima', 'El Amrani', 'fatima.elamrani@example.com', '2000-02-18', 'F', '2026-01-10', 3, 2, TRUE),
    (4, 'Paolo', 'Verdi', 'paolo.verdi@example.com', '1988-05-21', 'M', '2024-06-03', 3, 2, TRUE),
    (5, 'Martina', 'Gallo', 'martina.gallo@example.com', '1992-08-30', 'F', '2025-12-20', 4, 3, TRUE),
    (6, 'Chen', 'Wei', 'chen.wei@example.com', '1999-12-05', 'M', '2026-02-14', 1, 1, TRUE),
    (7, 'Laura', 'Neri', 'laura.neri@example.com', '1985-03-02', 'F', '2024-11-11', 2, 1, FALSE),
    (8, 'Omar', 'Haddad', 'omar.haddad@example.com', '1997-07-19', 'M', '2026-03-01', 4, 3, TRUE),
    (9, 'Sofia', 'Esposito', 'sofia.esposito@example.com', '2001-06-09', 'F', '2026-04-18', 2, 1, TRUE),
    (10, 'Davide', 'Ricci', 'davide.ricci@example.com', '1990-01-25', 'M', '2025-05-05', 1, 1, TRUE);

-- Data for membership_plans
INSERT INTO membership_plans (plan_id, plan_name, monthly_fee, duration_months, includes_classes) VALUES
    (1, 'Base', 39.90, 1, FALSE),
    (2, 'Plus', 59.90, 1, TRUE),
    (3, 'Annual Pro', 499.00, 12, TRUE),
    (4, 'Student', 29.90, 1, FALSE),
    (5, 'Drop-in', 12.00, 0, FALSE);

-- Data for member_memberships
INSERT INTO member_memberships (membership_id, member_id, plan_id, start_date, end_date, status) VALUES
    (1, 1, 2, '2026-01-01', '2026-06-30', 'active'),
    (2, 2, 3, '2026-01-10', '2027-01-09', 'active'),
    (3, 3, 4, '2026-02-01', '2026-06-30', 'active'),
    (4, 4, 3, '2025-07-01', '2026-06-30', 'active'),
    (5, 5, 2, '2026-03-01', '2026-06-30', 'active'),
    (6, 6, 1, '2026-03-15', '2026-06-14', 'expired'),
    (7, 7, 1, '2025-10-01', '2026-03-31', 'cancelled'),
    (8, 8, 2, '2026-04-01', '2026-06-30', 'active'),
    (9, 9, 4, '2026-05-01', '2026-06-30', 'active'),
    (10, 10, 3, '2026-01-01', '2026-12-31', 'active'),
    (11, 6, 2, '2026-06-15', '2026-07-14', 'active');

-- Data for payments
INSERT INTO payments (payment_id, member_id, membership_id, paid_on, amount, method, status) VALUES
    (1, 1, 1, '2026-01-01', 59.90, 'card', 'paid'),
    (2, 1, 1, '2026-02-01', 59.90, 'card', 'paid'),
    (3, 1, 1, '2026-03-01', 59.90, 'card', 'paid'),
    (4, 1, 1, '2026-04-01', 59.90, 'card', 'paid'),
    (5, 1, 1, '2026-05-01', 59.90, 'card', 'paid'),
    (6, 1, 1, '2026-06-01', 59.90, 'card', 'paid'),
    (7, 2, 2, '2026-01-10', 499.00, 'transfer', 'paid'),
    (8, 3, 3, '2026-02-01', 29.90, 'card', 'paid'),
    (9, 3, 3, '2026-03-01', 29.90, 'card', 'paid'),
    (10, 3, 3, '2026-04-01', 29.90, 'card', 'paid'),
    (11, 3, 3, '2026-05-01', 29.90, 'card', 'paid'),
    (12, 3, 3, '2026-06-01', 29.90, 'card', 'paid'),
    (13, 4, 4, '2026-01-02', 499.00, 'card', 'paid'),
    (14, 5, 5, '2026-03-01', 59.90, 'cash', 'paid'),
    (15, 5, 5, '2026-04-01', 59.90, 'cash', 'paid'),
    (16, 5, 5, '2026-05-01', 59.90, 'cash', 'paid'),
    (17, 5, 5, '2026-06-01', 59.90, 'cash', 'paid'),
    (18, 6, 6, '2026-03-15', 39.90, 'card', 'paid'),
    (19, 6, 11, '2026-06-15', 59.90, 'card', 'paid'),
    (20, 7, 7, '2026-01-01', 39.90, 'card', 'refunded'),
    (21, 8, 8, '2026-04-01', 59.90, 'card', 'paid'),
    (22, 8, 8, '2026-05-01', 59.90, 'card', 'paid'),
    (23, 8, 8, '2026-06-01', 59.90, 'card', 'paid'),
    (24, 9, 9, '2026-05-01', 29.90, 'card', 'paid'),
    (25, 9, 9, '2026-06-01', 29.90, 'card', 'paid'),
    (26, 10, 10, '2026-01-01', 499.00, 'transfer', 'paid'),
    (27, 2, NULL, '2026-02-10', 70.00, 'cash', 'paid'),
    (28, 4, NULL, '2026-05-20', 90.00, 'card', 'paid'),
    (29, 10, NULL, '2026-06-10', 120.00, 'card', 'paid');

-- Data for muscle_groups
INSERT INTO muscle_groups (muscle_group_id, name) VALUES
    (1, 'Chest'),
    (2, 'Back'),
    (3, 'Legs'),
    (4, 'Shoulders'),
    (5, 'Arms'),
    (6, 'Core'),
    (7, 'Cardio'),
    (8, 'Full Body');

-- Data for exercises
INSERT INTO exercises (exercise_id, muscle_group_id, name, equipment, is_compound) VALUES
    (1, 1, 'Bench Press', 'barbell', TRUE),
    (2, 3, 'Squat', 'barbell', TRUE),
    (3, 2, 'Deadlift', 'barbell', TRUE),
    (4, 2, 'Pull Up', 'bodyweight', TRUE),
    (5, 4, 'Shoulder Press', 'dumbbell', TRUE),
    (6, 3, 'Leg Press', 'machine', TRUE),
    (7, 5, 'Biceps Curl', 'dumbbell', FALSE),
    (8, 6, 'Plank', 'bodyweight', FALSE),
    (9, 7, 'Rowing Machine', 'machine', FALSE),
    (10, 3, 'Romanian Deadlift', 'barbell', TRUE),
    (11, 3, 'Hip Thrust', 'barbell', TRUE),
    (12, 1, 'Cable Fly', 'cable', FALSE),
    (13, 8, 'Battle Rope', 'rope', FALSE);

-- Data for workout_plans
INSERT INTO workout_plans (workout_plan_id, name, level, created_by_coach_id) VALUES
    (1, 'Strength Starter', 'beginner', 1),
    (2, 'Hypertrophy Split', 'intermediate', 2),
    (3, 'Powerlifting Prep', 'advanced', 3),
    (4, 'Mobility and Core', 'beginner', 4),
    (5, 'Fat Loss Circuit', 'intermediate', 4);

-- Data for plan_exercises
INSERT INTO plan_exercises (plan_exercise_id, workout_plan_id, exercise_id, day_label, exercise_order, target_sets, target_reps_min, target_reps_max, target_rpe) VALUES
    (1, 1, 2, 'A', 1, 3, 5, 5, 7),
    (2, 1, 1, 'A', 2, 3, 5, 5, 7),
    (3, 1, 4, 'A', 3, 3, 6, 8, 7),
    (4, 1, 3, 'B', 1, 3, 5, 5, 8),
    (5, 1, 5, 'B', 2, 3, 6, 8, 7),
    (6, 1, 8, 'B', 3, 3, 45, 75, 6),
    (7, 2, 1, 'Upper', 1, 4, 8, 10, 8),
    (8, 2, 12, 'Upper', 2, 3, 12, 15, 8),
    (9, 2, 7, 'Upper', 3, 3, 10, 12, 8),
    (10, 2, 6, 'Lower', 1, 4, 10, 12, 8),
    (11, 2, 11, 'Lower', 2, 3, 10, 12, 8),
    (12, 3, 2, 'Power', 1, 4, 3, 5, 9),
    (13, 3, 1, 'Power', 2, 4, 3, 5, 9),
    (14, 3, 3, 'Power', 3, 3, 3, 5, 9),
    (15, 3, 10, 'Accessory', 1, 3, 6, 8, 8),
    (16, 4, 8, 'Core', 1, 3, 60, 90, 6),
    (17, 4, 5, 'Core', 2, 3, 10, 12, 6),
    (18, 4, 9, 'Conditioning', 1, 3, 12, 15, 7),
    (19, 5, 9, 'Circuit', 1, 4, 12, 15, 8),
    (20, 5, 6, 'Circuit', 2, 3, 10, 12, 8),
    (21, 5, 8, 'Circuit', 3, 3, 45, 75, 7),
    (22, 5, 13, 'Circuit', 4, 4, 20, 30, 8);

-- Data for member_plan_assignments
INSERT INTO member_plan_assignments (assignment_id, member_id, workout_plan_id, assigned_by_coach_id, start_date, end_date, target_sessions_per_week) VALUES
    (1, 1, 2, 2, '2026-01-01', NULL, 4),
    (2, 2, 1, 1, '2026-01-10', NULL, 3),
    (3, 3, 5, 3, '2026-02-01', NULL, 4),
    (4, 4, 3, 3, '2026-01-01', NULL, 5),
    (5, 5, 4, 4, '2026-03-01', NULL, 3),
    (6, 6, 1, 1, '2026-03-15', NULL, 3),
    (7, 8, 5, 4, '2026-04-01', NULL, 4),
    (8, 9, 2, 2, '2026-05-01', NULL, 3),
    (9, 10, 3, 1, '2026-01-01', NULL, 4),
    (10, 7, 2, 2, '2025-10-01', '2026-03-31', 3);

-- Data for workout_sessions
INSERT INTO workout_sessions (session_id, member_id, workout_plan_id, session_date, started_at, duration_min, perceived_rpe) VALUES
    (1, 1, 2, '2026-06-03', '2026-06-03 18:00:00', 72, 8),
    (2, 1, 2, '2026-06-06', '2026-06-06 10:00:00', 68, 7),
    (3, 1, 2, '2026-06-10', '2026-06-10 18:10:00', 75, 8.5),
    (4, 1, 2, '2026-05-27', '2026-05-27 18:05:00', 70, 7),
    (5, 2, 1, '2026-06-02', '2026-06-02 07:30:00', 55, 7),
    (6, 2, 1, '2026-06-09', '2026-06-09 07:35:00', 58, 7.5),
    (7, 2, 1, '2026-05-28', '2026-05-28 07:30:00', 53, 6.5),
    (8, 3, 5, '2026-06-01', '2026-06-01 19:00:00', 48, 8),
    (9, 3, 5, '2026-06-05', '2026-06-05 19:10:00', 50, 8),
    (10, 3, 5, '2026-06-12', '2026-06-12 19:05:00', 52, 8.5),
    (11, 3, 5, '2026-05-29', '2026-05-29 19:00:00', 45, 7),
    (12, 4, 3, '2026-06-03', '2026-06-03 17:15:00', 90, 9),
    (13, 4, 3, '2026-06-07', '2026-06-07 11:00:00', 88, 8.5),
    (14, 4, 3, '2026-06-11', '2026-06-11 17:20:00', 92, 9.5),
    (15, 4, 3, '2026-05-30', '2026-05-30 11:05:00', 86, 8.5),
    (16, 5, 4, '2026-06-04', '2026-06-04 08:00:00', 40, 5.5),
    (17, 5, 4, '2026-06-11', '2026-06-11 08:05:00', 42, 6),
    (18, 6, 1, '2026-06-02', '2026-06-02 18:30:00', 60, 7),
    (19, 6, 1, '2026-06-16', '2026-06-16 18:35:00', 62, 7.5),
    (20, 8, 5, '2026-06-03', '2026-06-03 20:00:00', 46, 7.5),
    (21, 8, 5, '2026-06-10', '2026-06-10 20:00:00', 49, 8),
    (22, 9, 2, '2026-06-08', '2026-06-08 18:15:00', 66, 7),
    (23, 10, 3, '2026-06-01', '2026-06-01 06:45:00', 85, 8.5),
    (24, 10, 3, '2026-06-05', '2026-06-05 06:45:00', 87, 9),
    (25, 10, 3, '2026-06-12', '2026-06-12 06:45:00', 90, 9),
    (26, 10, 3, '2026-05-26', '2026-05-26 06:45:00', 84, 8),
    (27, 2, 1, '2026-04-12', '2026-04-12 08:00:00', 54, 6.5),
    (28, 6, 1, '2026-04-01', '2026-04-01 18:30:00', 57, 6.5),
    (29, 3, 5, '2026-04-10', '2026-04-10 19:00:00', 47, 7.5),
    (30, 8, 5, '2026-05-15', '2026-05-15 20:00:00', 44, 7),
    (31, 9, 2, '2026-05-20', '2026-05-20 18:10:00', 62, 6.5),
    (32, 1, 2, '2026-04-20', '2026-04-20 18:00:00', 65, 7),
    (33, 7, 2, '2026-02-10', '2026-02-10 18:00:00', 60, 6);

-- Data for performed_sets
INSERT INTO performed_sets (set_id, session_id, exercise_id, set_number, weight_kg, reps, rir, is_pr) VALUES
    (1, 1, 1, 1, 45, 10, 2, FALSE),
    (2, 1, 1, 2, 45, 10, 2, FALSE),
    (3, 1, 1, 3, 47.5, 8, 1, FALSE),
    (4, 1, 1, 4, 47.5, 8, 1, FALSE),
    (5, 1, 12, 1, 15, 12, 2, FALSE),
    (6, 1, 12, 2, 15, 12, 2, FALSE),
    (7, 1, 12, 3, 15, 12, 1, FALSE),
    (8, 1, 7, 1, 10, 12, 2, FALSE),
    (9, 1, 7, 2, 10, 12, 2, FALSE),
    (10, 1, 7, 3, 10, 12, 1, FALSE),
    (11, 2, 6, 1, 120, 12, 2, FALSE),
    (12, 2, 6, 2, 120, 12, 2, FALSE),
    (13, 2, 6, 3, 120, 12, 1, FALSE),
    (14, 2, 11, 1, 70, 10, 2, FALSE),
    (15, 2, 11, 2, 70, 10, 2, FALSE),
    (16, 2, 11, 3, 70, 10, 1, FALSE),
    (17, 2, 8, 1, 0, 60, 2, FALSE),
    (18, 2, 8, 2, 0, 60, 2, FALSE),
    (19, 2, 8, 3, 0, 60, 1, FALSE),
    (20, 3, 1, 1, 50, 8, 1, TRUE),
    (21, 3, 1, 2, 50, 8, 1, FALSE),
    (22, 3, 1, 3, 50, 7, 0, FALSE),
    (23, 3, 1, 4, 45, 10, 2, FALSE),
    (24, 3, 12, 1, 17.5, 12, 1, TRUE),
    (25, 3, 12, 2, 17.5, 12, 1, FALSE),
    (26, 3, 12, 3, 17.5, 12, 1, FALSE),
    (27, 3, 7, 1, 12, 10, 2, FALSE),
    (28, 3, 7, 2, 12, 10, 2, FALSE),
    (29, 3, 7, 3, 12, 10, 1, FALSE),
    (30, 4, 1, 1, 42.5, 10, 2, FALSE),
    (31, 4, 1, 2, 42.5, 10, 2, FALSE),
    (32, 4, 1, 3, 42.5, 10, 2, FALSE),
    (33, 4, 1, 4, 42.5, 10, 2, FALSE),
    (34, 4, 12, 1, 15, 12, 2, FALSE),
    (35, 4, 12, 2, 15, 12, 2, FALSE),
    (36, 4, 12, 3, 15, 12, 2, FALSE),
    (37, 4, 7, 1, 10, 12, 2, FALSE),
    (38, 4, 7, 2, 10, 12, 2, FALSE),
    (39, 4, 7, 3, 10, 12, 2, FALSE),
    (40, 5, 2, 1, 95, 5, 2, FALSE),
    (41, 5, 2, 2, 95, 5, 2, FALSE),
    (42, 5, 2, 3, 95, 5, 2, FALSE),
    (43, 5, 1, 1, 60, 5, 2, FALSE),
    (44, 5, 1, 2, 60, 5, 2, FALSE),
    (45, 5, 1, 3, 60, 5, 2, FALSE),
    (46, 5, 4, 1, 0, 8, 2, FALSE),
    (47, 5, 4, 2, 0, 8, 2, FALSE),
    (48, 5, 4, 3, 0, 8, 2, FALSE),
    (49, 6, 3, 1, 120, 5, 1, TRUE),
    (50, 6, 3, 2, 120, 5, 1, TRUE),
    (51, 6, 3, 3, 120, 5, 1, TRUE),
    (52, 6, 5, 1, 40, 6, 2, FALSE),
    (53, 6, 5, 2, 40, 6, 2, FALSE),
    (54, 6, 5, 3, 40, 6, 2, FALSE),
    (55, 6, 8, 1, 0, 60, 2, FALSE),
    (56, 6, 8, 2, 0, 60, 2, FALSE),
    (57, 6, 8, 3, 0, 60, 2, FALSE),
    (58, 7, 2, 1, 90, 5, 2, FALSE),
    (59, 7, 2, 2, 90, 5, 2, FALSE),
    (60, 7, 2, 3, 90, 5, 2, FALSE),
    (61, 7, 1, 1, 57.5, 5, 2, FALSE),
    (62, 7, 1, 2, 57.5, 5, 2, FALSE),
    (63, 7, 1, 3, 57.5, 5, 2, FALSE),
    (64, 8, 9, 1, 35, 15, 2, FALSE),
    (65, 8, 9, 2, 35, 15, 2, FALSE),
    (66, 8, 9, 3, 35, 15, 2, FALSE),
    (67, 8, 6, 1, 100, 12, 2, FALSE),
    (68, 8, 6, 2, 100, 12, 2, FALSE),
    (69, 8, 6, 3, 100, 12, 2, FALSE),
    (70, 8, 8, 1, 0, 45, 2, FALSE),
    (71, 8, 8, 2, 0, 45, 2, FALSE),
    (72, 8, 8, 3, 0, 45, 2, FALSE),
    (73, 9, 9, 1, 35, 15, 2, FALSE),
    (74, 9, 9, 2, 35, 15, 2, FALSE),
    (75, 9, 9, 3, 35, 15, 2, FALSE),
    (76, 9, 9, 4, 35, 15, 2, FALSE),
    (77, 9, 6, 1, 105, 10, 1, FALSE),
    (78, 9, 6, 2, 105, 10, 1, FALSE),
    (79, 9, 6, 3, 105, 10, 1, FALSE),
    (80, 10, 9, 1, 40, 12, 1, TRUE),
    (81, 10, 9, 2, 40, 12, 1, TRUE),
    (82, 10, 9, 3, 40, 12, 1, TRUE),
    (83, 10, 9, 4, 40, 12, 1, TRUE),
    (84, 10, 6, 1, 110, 10, 1, TRUE),
    (85, 10, 6, 2, 110, 10, 1, TRUE),
    (86, 10, 6, 3, 110, 10, 1, TRUE),
    (87, 10, 8, 1, 0, 60, 2, FALSE),
    (88, 10, 8, 2, 0, 60, 2, FALSE),
    (89, 10, 8, 3, 0, 60, 2, FALSE),
    (90, 11, 9, 1, 30, 15, 2, FALSE),
    (91, 11, 9, 2, 30, 15, 2, FALSE),
    (92, 11, 9, 3, 30, 15, 2, FALSE),
    (93, 11, 6, 1, 95, 12, 2, FALSE),
    (94, 11, 6, 2, 95, 12, 2, FALSE),
    (95, 11, 6, 3, 95, 12, 2, FALSE),
    (96, 12, 2, 1, 140, 5, 1, FALSE),
    (97, 12, 2, 2, 140, 5, 1, FALSE),
    (98, 12, 2, 3, 140, 5, 1, FALSE),
    (99, 12, 2, 4, 140, 5, 1, FALSE),
    (100, 12, 1, 1, 100, 4, 1, FALSE),
    (101, 12, 1, 2, 100, 4, 1, FALSE),
    (102, 12, 1, 3, 100, 4, 1, FALSE),
    (103, 12, 1, 4, 100, 4, 1, FALSE),
    (104, 12, 3, 1, 170, 3, 1, FALSE),
    (105, 12, 3, 2, 170, 3, 1, FALSE),
    (106, 12, 3, 3, 170, 3, 1, FALSE),
    (107, 13, 2, 1, 145, 4, 1, FALSE),
    (108, 13, 2, 2, 145, 4, 1, FALSE),
    (109, 13, 2, 3, 145, 4, 1, FALSE),
    (110, 13, 2, 4, 145, 4, 1, FALSE),
    (111, 13, 1, 1, 102.5, 4, 1, FALSE),
    (112, 13, 1, 2, 102.5, 4, 1, FALSE),
    (113, 13, 1, 3, 102.5, 4, 1, FALSE),
    (114, 13, 1, 4, 102.5, 4, 1, FALSE),
    (115, 13, 10, 1, 110, 8, 2, FALSE),
    (116, 13, 10, 2, 110, 8, 2, FALSE),
    (117, 13, 10, 3, 110, 8, 2, FALSE),
    (118, 14, 3, 1, 180, 3, 0, TRUE),
    (119, 14, 3, 2, 180, 3, 0, TRUE),
    (120, 14, 3, 3, 180, 3, 0, TRUE),
    (121, 14, 1, 1, 105, 3, 1, TRUE),
    (122, 14, 1, 2, 105, 3, 1, TRUE),
    (123, 14, 1, 3, 105, 3, 1, TRUE),
    (124, 14, 1, 4, 105, 3, 1, TRUE),
    (125, 14, 2, 1, 147.5, 3, 1, TRUE),
    (126, 14, 2, 2, 147.5, 3, 1, TRUE),
    (127, 14, 2, 3, 147.5, 3, 1, TRUE),
    (128, 14, 2, 4, 147.5, 3, 1, TRUE),
    (129, 15, 3, 1, 175, 3, 1, FALSE),
    (130, 15, 3, 2, 175, 3, 1, FALSE),
    (131, 15, 3, 3, 175, 3, 1, FALSE),
    (132, 15, 1, 1, 100, 4, 2, FALSE),
    (133, 15, 1, 2, 100, 4, 2, FALSE),
    (134, 15, 1, 3, 100, 4, 2, FALSE),
    (135, 15, 1, 4, 100, 4, 2, FALSE),
    (136, 15, 2, 1, 140, 4, 2, FALSE),
    (137, 15, 2, 2, 140, 4, 2, FALSE),
    (138, 15, 2, 3, 140, 4, 2, FALSE),
    (139, 15, 2, 4, 140, 4, 2, FALSE),
    (140, 16, 8, 1, 0, 60, 2, FALSE),
    (141, 16, 8, 2, 0, 60, 2, FALSE),
    (142, 16, 8, 3, 0, 60, 2, FALSE),
    (143, 16, 5, 1, 18, 12, 2, FALSE),
    (144, 16, 5, 2, 18, 12, 2, FALSE),
    (145, 16, 5, 3, 18, 12, 2, FALSE),
    (146, 16, 9, 1, 25, 15, 2, FALSE),
    (147, 16, 9, 2, 25, 15, 2, FALSE),
    (148, 16, 9, 3, 25, 15, 2, FALSE),
    (149, 17, 8, 1, 0, 75, 1, TRUE),
    (150, 17, 8, 2, 0, 75, 1, TRUE),
    (151, 17, 8, 3, 0, 75, 1, TRUE),
    (152, 17, 5, 1, 20, 10, 2, FALSE),
    (153, 17, 5, 2, 20, 10, 2, FALSE),
    (154, 17, 5, 3, 20, 10, 2, FALSE),
    (155, 17, 11, 1, 55, 12, 2, FALSE),
    (156, 17, 11, 2, 55, 12, 2, FALSE),
    (157, 17, 11, 3, 55, 12, 2, FALSE),
    (158, 18, 2, 1, 80, 5, 2, FALSE),
    (159, 18, 2, 2, 80, 5, 2, FALSE),
    (160, 18, 2, 3, 80, 5, 2, FALSE),
    (161, 18, 1, 1, 52.5, 5, 2, TRUE),
    (162, 18, 1, 2, 52.5, 5, 2, TRUE),
    (163, 18, 1, 3, 52.5, 5, 2, TRUE),
    (164, 18, 4, 1, 0, 6, 2, FALSE),
    (165, 18, 4, 2, 0, 6, 2, FALSE),
    (166, 18, 4, 3, 0, 6, 2, FALSE),
    (167, 19, 3, 1, 110, 5, 1, TRUE),
    (168, 19, 3, 2, 110, 5, 1, TRUE),
    (169, 19, 3, 3, 110, 5, 1, TRUE),
    (170, 19, 5, 1, 35, 6, 2, FALSE),
    (171, 19, 5, 2, 35, 6, 2, FALSE),
    (172, 19, 5, 3, 35, 6, 2, FALSE),
    (173, 19, 8, 1, 0, 60, 2, FALSE),
    (174, 19, 8, 2, 0, 60, 2, FALSE),
    (175, 19, 8, 3, 0, 60, 2, FALSE),
    (176, 20, 9, 1, 30, 15, 2, FALSE),
    (177, 20, 9, 2, 30, 15, 2, FALSE),
    (178, 20, 9, 3, 30, 15, 2, FALSE),
    (179, 20, 9, 4, 30, 15, 2, FALSE),
    (180, 20, 6, 1, 90, 12, 2, FALSE),
    (181, 20, 6, 2, 90, 12, 2, FALSE),
    (182, 20, 6, 3, 90, 12, 2, FALSE),
    (183, 20, 8, 1, 0, 45, 2, FALSE),
    (184, 20, 8, 2, 0, 45, 2, FALSE),
    (185, 20, 8, 3, 0, 45, 2, FALSE),
    (186, 21, 9, 1, 35, 12, 2, FALSE),
    (187, 21, 9, 2, 35, 12, 2, FALSE),
    (188, 21, 9, 3, 35, 12, 2, FALSE),
    (189, 21, 9, 4, 35, 12, 2, FALSE),
    (190, 21, 6, 1, 95, 12, 1, TRUE),
    (191, 21, 6, 2, 95, 12, 1, TRUE),
    (192, 21, 6, 3, 95, 12, 1, TRUE),
    (193, 21, 11, 1, 60, 10, 2, FALSE),
    (194, 21, 11, 2, 60, 10, 2, FALSE),
    (195, 21, 11, 3, 60, 10, 2, FALSE),
    (196, 22, 1, 1, 35, 10, 2, TRUE),
    (197, 22, 1, 2, 35, 10, 2, TRUE),
    (198, 22, 1, 3, 35, 10, 2, TRUE),
    (199, 22, 1, 4, 35, 10, 2, TRUE),
    (200, 22, 12, 1, 12.5, 12, 2, FALSE),
    (201, 22, 12, 2, 12.5, 12, 2, FALSE),
    (202, 22, 12, 3, 12.5, 12, 2, FALSE),
    (203, 22, 7, 1, 8, 12, 2, FALSE),
    (204, 22, 7, 2, 8, 12, 2, FALSE),
    (205, 22, 7, 3, 8, 12, 2, FALSE),
    (206, 23, 2, 1, 135, 5, 2, FALSE),
    (207, 23, 2, 2, 135, 5, 2, FALSE),
    (208, 23, 2, 3, 135, 5, 2, FALSE),
    (209, 23, 2, 4, 135, 5, 2, FALSE),
    (210, 23, 1, 1, 90, 5, 2, FALSE),
    (211, 23, 1, 2, 90, 5, 2, FALSE),
    (212, 23, 1, 3, 90, 5, 2, FALSE),
    (213, 23, 1, 4, 90, 5, 2, FALSE),
    (214, 23, 3, 1, 160, 4, 2, FALSE),
    (215, 23, 3, 2, 160, 4, 2, FALSE),
    (216, 23, 3, 3, 160, 4, 2, FALSE),
    (217, 24, 2, 1, 140, 4, 1, FALSE),
    (218, 24, 2, 2, 140, 4, 1, FALSE),
    (219, 24, 2, 3, 140, 4, 1, FALSE),
    (220, 24, 2, 4, 140, 4, 1, FALSE),
    (221, 24, 1, 1, 92.5, 4, 1, FALSE),
    (222, 24, 1, 2, 92.5, 4, 1, FALSE),
    (223, 24, 1, 3, 92.5, 4, 1, FALSE),
    (224, 24, 1, 4, 92.5, 4, 1, FALSE),
    (225, 24, 10, 1, 105, 8, 2, FALSE),
    (226, 24, 10, 2, 105, 8, 2, FALSE),
    (227, 24, 10, 3, 105, 8, 2, FALSE),
    (228, 25, 3, 1, 170, 3, 1, TRUE),
    (229, 25, 3, 2, 170, 3, 1, TRUE),
    (230, 25, 3, 3, 170, 3, 1, TRUE),
    (231, 25, 2, 1, 145, 3, 1, TRUE),
    (232, 25, 2, 2, 145, 3, 1, TRUE),
    (233, 25, 2, 3, 145, 3, 1, TRUE),
    (234, 25, 2, 4, 145, 3, 1, TRUE),
    (235, 25, 1, 1, 95, 3, 1, TRUE),
    (236, 25, 1, 2, 95, 3, 1, TRUE),
    (237, 25, 1, 3, 95, 3, 1, TRUE),
    (238, 25, 1, 4, 95, 3, 1, TRUE),
    (239, 26, 2, 1, 130, 5, 2, FALSE),
    (240, 26, 2, 2, 130, 5, 2, FALSE),
    (241, 26, 2, 3, 130, 5, 2, FALSE),
    (242, 26, 2, 4, 130, 5, 2, FALSE),
    (243, 26, 1, 1, 87.5, 5, 2, FALSE),
    (244, 26, 1, 2, 87.5, 5, 2, FALSE),
    (245, 26, 1, 3, 87.5, 5, 2, FALSE),
    (246, 26, 1, 4, 87.5, 5, 2, FALSE),
    (247, 26, 3, 1, 155, 4, 2, FALSE),
    (248, 26, 3, 2, 155, 4, 2, FALSE),
    (249, 26, 3, 3, 155, 4, 2, FALSE),
    (250, 27, 2, 1, 85, 5, 2, FALSE),
    (251, 27, 2, 2, 85, 5, 2, FALSE),
    (252, 27, 2, 3, 85, 5, 2, FALSE),
    (253, 27, 1, 1, 55, 5, 2, FALSE),
    (254, 27, 1, 2, 55, 5, 2, FALSE),
    (255, 27, 1, 3, 55, 5, 2, FALSE),
    (256, 28, 2, 1, 75, 5, 2, FALSE),
    (257, 28, 2, 2, 75, 5, 2, FALSE),
    (258, 28, 2, 3, 75, 5, 2, FALSE),
    (259, 28, 1, 1, 50, 5, 2, FALSE),
    (260, 28, 1, 2, 50, 5, 2, FALSE),
    (261, 28, 1, 3, 50, 5, 2, FALSE),
    (262, 29, 9, 1, 30, 15, 2, FALSE),
    (263, 29, 9, 2, 30, 15, 2, FALSE),
    (264, 29, 9, 3, 30, 15, 2, FALSE),
    (265, 29, 8, 1, 0, 45, 2, FALSE),
    (266, 29, 8, 2, 0, 45, 2, FALSE),
    (267, 29, 8, 3, 0, 45, 2, FALSE),
    (268, 30, 9, 1, 30, 12, 2, FALSE),
    (269, 30, 9, 2, 30, 12, 2, FALSE),
    (270, 30, 9, 3, 30, 12, 2, FALSE),
    (271, 30, 9, 4, 30, 12, 2, FALSE),
    (272, 30, 6, 1, 85, 12, 2, FALSE),
    (273, 30, 6, 2, 85, 12, 2, FALSE),
    (274, 30, 6, 3, 85, 12, 2, FALSE),
    (275, 31, 1, 1, 32.5, 10, 2, FALSE),
    (276, 31, 1, 2, 32.5, 10, 2, FALSE),
    (277, 31, 1, 3, 32.5, 10, 2, FALSE),
    (278, 31, 1, 4, 32.5, 10, 2, FALSE),
    (279, 31, 7, 1, 8, 12, 2, FALSE),
    (280, 31, 7, 2, 8, 12, 2, FALSE),
    (281, 31, 7, 3, 8, 12, 2, FALSE),
    (282, 32, 1, 1, 40, 10, 2, FALSE),
    (283, 32, 1, 2, 40, 10, 2, FALSE),
    (284, 32, 1, 3, 40, 10, 2, FALSE),
    (285, 32, 1, 4, 40, 10, 2, FALSE),
    (286, 32, 6, 1, 110, 12, 2, FALSE),
    (287, 32, 6, 2, 110, 12, 2, FALSE),
    (288, 32, 6, 3, 110, 12, 2, FALSE),
    (289, 33, 1, 1, 30, 10, 2, FALSE),
    (290, 33, 1, 2, 30, 10, 2, FALSE),
    (291, 33, 1, 3, 30, 10, 2, FALSE),
    (292, 33, 6, 1, 80, 12, 2, FALSE),
    (293, 33, 6, 2, 80, 12, 2, FALSE),
    (294, 33, 6, 3, 80, 12, 2, FALSE);

-- Data for goals
INSERT INTO goals (goal_id, member_id, goal_type, target_value, unit, start_date, due_date, status) VALUES
    (1, 1, 'monthly_sessions', 16, 'sessions', '2026-06-01', '2026-06-30', 'active'),
    (2, 2, 'squat_pr', 120, 'kg', '2026-04-01', '2026-08-31', 'active'),
    (3, 3, 'monthly_sessions', 16, 'sessions', '2026-06-01', '2026-06-30', 'active'),
    (4, 4, 'deadlift_pr', 190, 'kg', '2026-04-01', '2026-09-30', 'active'),
    (5, 5, 'plank_seconds', 180, 'seconds', '2026-05-01', '2026-07-31', 'active'),
    (6, 6, 'monthly_sessions', 12, 'sessions', '2026-06-01', '2026-06-30', 'active'),
    (7, 8, 'weight_loss', 4, 'kg', '2026-04-01', '2026-07-31', 'active'),
    (8, 9, 'bench_pr', 45, 'kg', '2026-05-01', '2026-08-31', 'active'),
    (9, 10, 'squat_pr', 150, 'kg', '2026-04-01', '2026-09-30', 'active'),
    (10, 7, 'monthly_sessions', 12, 'sessions', '2026-02-01', '2026-02-28', 'paused');

-- Data for goal_checkins
INSERT INTO goal_checkins (checkin_id, goal_id, checked_on, current_value, notes) VALUES
    (1, 1, '2026-06-15', 7, 'meta mese'),
    (2, 1, '2026-06-28', 12, 'buona costanza'),
    (3, 2, '2026-06-12', 112.5, 'tecnica stabile'),
    (4, 3, '2026-06-15', 6, 'settimana saltata'),
    (5, 3, '2026-06-28', 7, 'serve recupero'),
    (6, 4, '2026-06-12', 185, 'vicino al target'),
    (7, 5, '2026-06-20', 120, 'progresso lento'),
    (8, 6, '2026-06-20', 8, 'manca volume settimanale'),
    (9, 7, '2026-06-20', 2.2, 'aderenza alimentare variabile'),
    (10, 8, '2026-06-20', 37.5, 'buon margine'),
    (11, 9, '2026-06-20', 145, 'quasi completato'),
    (12, 10, '2026-02-20', 2, 'pausato');

-- Keep identity sequences aligned after explicit seed IDs.
SELECT setval(pg_get_serial_sequence('ironhabit_lab.gyms', 'gym_id'), (SELECT MAX(gym_id) FROM gyms));
SELECT setval(pg_get_serial_sequence('ironhabit_lab.coaches', 'coach_id'), (SELECT MAX(coach_id) FROM coaches));
SELECT setval(pg_get_serial_sequence('ironhabit_lab.members', 'member_id'), (SELECT MAX(member_id) FROM members));
SELECT setval(pg_get_serial_sequence('ironhabit_lab.membership_plans', 'plan_id'), (SELECT MAX(plan_id) FROM membership_plans));
SELECT setval(pg_get_serial_sequence('ironhabit_lab.member_memberships', 'membership_id'), (SELECT MAX(membership_id) FROM member_memberships));
SELECT setval(pg_get_serial_sequence('ironhabit_lab.payments', 'payment_id'), (SELECT MAX(payment_id) FROM payments));
SELECT setval(pg_get_serial_sequence('ironhabit_lab.muscle_groups', 'muscle_group_id'), (SELECT MAX(muscle_group_id) FROM muscle_groups));
SELECT setval(pg_get_serial_sequence('ironhabit_lab.exercises', 'exercise_id'), (SELECT MAX(exercise_id) FROM exercises));
SELECT setval(pg_get_serial_sequence('ironhabit_lab.workout_plans', 'workout_plan_id'), (SELECT MAX(workout_plan_id) FROM workout_plans));
SELECT setval(pg_get_serial_sequence('ironhabit_lab.plan_exercises', 'plan_exercise_id'), (SELECT MAX(plan_exercise_id) FROM plan_exercises));
SELECT setval(pg_get_serial_sequence('ironhabit_lab.member_plan_assignments', 'assignment_id'), (SELECT MAX(assignment_id) FROM member_plan_assignments));
SELECT setval(pg_get_serial_sequence('ironhabit_lab.workout_sessions', 'session_id'), (SELECT MAX(session_id) FROM workout_sessions));
SELECT setval(pg_get_serial_sequence('ironhabit_lab.performed_sets', 'set_id'), (SELECT MAX(set_id) FROM performed_sets));
SELECT setval(pg_get_serial_sequence('ironhabit_lab.goals', 'goal_id'), (SELECT MAX(goal_id) FROM goals));
SELECT setval(pg_get_serial_sequence('ironhabit_lab.goal_checkins', 'checkin_id'), (SELECT MAX(checkin_id) FROM goal_checkins));

CREATE VIEW v_member_training_summary AS
SELECT
    m.member_id,
    m.first_name || ' ' || m.last_name AS member_name,
    COUNT(DISTINCT ws.session_id) AS sessions_2026,
    ROUND(COALESCE(SUM(ps.weight_kg * ps.reps), 0), 2) AS total_volume_kg,
    MAX(ws.session_date) AS last_session_date
FROM members m
LEFT JOIN workout_sessions ws
    ON ws.member_id = m.member_id
    AND ws.session_date BETWEEN DATE '2026-01-01' AND DATE '2026-12-31'
LEFT JOIN performed_sets ps ON ps.session_id = ws.session_id
GROUP BY m.member_id, m.first_name, m.last_name;
